"Longitude (x)","Latitude (y)","Station Name","Climate ID","Date/Time","Year","Month","Day","Data Quality","Max Temp (°C)","Max Temp Flag","Min Temp (°C)","Min Temp Flag","Mean Temp (°C)","Mean Temp Flag","Heat Deg Days (°C)","Heat Deg Days Flag","Cool Deg Days (°C)","Cool Deg Days Flag","Total Rain (mm)","Total Rain Flag","Total Snow (cm)","Total Snow Flag","Total Precip (mm)","Total Precip Flag","Snow on Grnd (cm)","Snow on Grnd Flag","Dir of Max Gust (10s deg)","Dir of Max Gust Flag","Spd of Max Gust (km/h)","Spd of Max Gust Flag"
"-122.51","53.03","QUESNEL","1096629","2015-01-01","2015","01","01","","0.4","","-10.4","","-5.0","","23.0","","0.0","","","M","","M","7.1","","","","15","","43",""
"-122.51","53.03","QUESNEL","1096629","2015-01-02","2015","01","02","","0.4","","-9.7","","-4.7","","22.7","","0.0","","","M","","M","0.0","","","","15","","41",""
"-122.51","53.03","QUESNEL","1096629","2015-01-03","2015","01","03","","-9.7","","-16.5","","-13.1","","31.1","","0.0","","","M","","M","0.0","","","","33","","41",""
"-122.51","53.03","QUESNEL","1096629","2015-01-04","2015","01","04","","-14.3","","-19.5","","-16.9","","34.9","","0.0","","","M","","M","3.8","","","","","","<31",""
"-122.51","53.03","QUESNEL","1096629","2015-01-05","2015","01","05","","-12.6","","-15.8","","-14.2","","32.2","","0.0","","","M","","M","7.8","","","","","","<31",""
"-122.51","53.03","QUESNEL","1096629","2015-01-06","2015","01","06","","-7.6","","-12.7","","-10.2","","28.2","","0.0","","","M","","M","11.8","","","","","","<31",""
"-122.51","53.03","QUESNEL","1096629","2015-01-07","2015","01","07","","-4.9","","-9.1","","-7.0","","25.0","","0.0","","","M","","M","0.0","","","","","","<31",""
"-122.51","53.03","QUESNEL","1096629","2015-01-08","2015","01","08","","-4.3","","-9.1","","-6.7","","24.7","","0.0","","","M","","M","0.0","","","","33","","33",""
"-122.51","53.03","QUESNEL","1096629","2015-01-09","2015","01","09","","-6.1","","-8.2","","-7.2","","25.2","","0.0","","","M","","M","0.0","","","","","","<31",""
"-122.51","53.03","QUESNEL","1096629","2015-01-10","2015","01","10","","-4.2","","-7.0","","-5.6","","23.6","","0.0","","","M","","M","0.0","","","","","","<31",""
"-122.51","53.03","QUESNEL","1096629","2015-01-11","2015","01","11","","-1.8","","-5.0","","-3.4","","21.4","","0.0","","","M","","M","0.0","","","","","","<31",""
"-122.51","53.03","QUESNEL","1096629","2015-01-12","2015","01","12","","-1.5","","-3.2","","-2.4","","20.4","","0.0","","","M","","M","0.0","","","","","","<31",""
"-122.51","53.03","QUESNEL","1096629","2015-01-13","2015","01","13","","-0.6","","-2.7","","-1.7","","19.7","","0.0","","","M","","M","0.0","","","","16","","37",""
"-122.51","53.03","QUESNEL","1096629","2015-01-14","2015","01","14","","0.1","","-4.8","","-2.4","","20.4","","0.0","","","M","","M","0.0","","","","16","","43",""
"-122.51","53.03","QUESNEL","1096629","2015-01-15","2015","01","15","","1.5","","-4.2","","-1.4","","19.4","","0.0","","","M","","M","0.0","","","","15","","39",""
"-122.51","53.03","QUESNEL","1096629","2015-01-16","2015","01","16","","1.7","","-7.4","","-2.9","","20.9","","0.0","","","M","","M","6.3","","","","","","<31",""
"-122.51","53.03","QUESNEL","1096629","2015-01-17","2015","01","17","","2.9","","-8.5","","-2.8","","20.8","","0.0","","","M","","M","0.0","","","","","","<31",""
"-122.51","53.03","QUESNEL","1096629","2015-01-18","2015","01","18","","","M","","M","","M","","M","","M","","M","","M","5.3","","","","","","<31",""
"-122.51","53.03","QUESNEL","1096629","2015-01-19","2015","01","19","","0.9","","-4.1","","-1.6","","19.6","","0.0","","","M","","M","0.0","","","","","","<31",""
"-122.51","53.03","QUESNEL","1096629","2015-01-20","2015","01","20","","","M","-3.9","E","","M","","M","","M","","M","","M","0.0","","","","","","<31",""
"-122.51","53.03","QUESNEL","1096629","2015-01-21","2015","01","21","","3.2","","-4.7","","-0.8","","18.8","","0.0","","","M","","M","0.0","","","","14","","37",""
"-122.51","53.03","QUESNEL","1096629","2015-01-22","2015","01","22","","5.6","","1.9","","3.8","","14.2","","0.0","","","M","","M","0.0","","","","16","","39",""
"-122.51","53.03","QUESNEL","1096629","2015-01-23","2015","01","23","","5.2","","1.1","","3.2","","14.8","","0.0","","","M","","M","5.1","","","","15","","35",""
"-122.51","53.03","QUESNEL","1096629","2015-01-24","2015","01","24","","3.1","","0.0","","1.6","","16.4","","0.0","","","M","","M","0.0","","","","","","<31",""
"-122.51","53.03","QUESNEL","1096629","2015-01-25","2015","01","25","","6.2","","1.2","","3.7","","14.3","","0.0","","","M","","M","3.0","","","","15","","32",""
"-122.51","53.03","QUESNEL","1096629","2015-01-26","2015","01","26","","2.1","","0.5","","1.3","","16.7","","0.0","","","M","","M","0.0","","","","","","<31",""
"-122.51","53.03","QUESNEL","1096629","2015-01-27","2015","01","27","","3.8","","-2.8","","0.5","","17.5","","0.0","","","M","","M","0.0","","","","","","<31",""
"-122.51","53.03","QUESNEL","1096629","2015-01-28","2015","01","28","","-1.3","","-4.6","","-3.0","","21.0","","0.0","","","M","","M","0.0","","","","","","<31",""
"-122.51","53.03","QUESNEL","1096629","2015-01-29","2015","01","29","","0.5","","-6.8","","-3.2","","21.2","","0.0","","","M","","M","0.0","","","","16","","32",""
"-122.51","53.03","QUESNEL","1096629","2015-01-30","2015","01","30","","2.1","","-1.2","","0.5","","17.5","","0.0","","","M","","M","4.4","","","","33","","43",""
"-122.51","53.03","QUESNEL","1096629","2015-01-31","2015","01","31","","-0.1","","-14.1","","-7.1","","25.1","","0.0","","","M","","M","0.0","","","","32","","37",""
"-122.51","53.03","QUESNEL","1096629","2015-02-01","2015","02","01","","-5.1","","-7.6","","-6.4","","24.4","","0.0","","","M","","M","7.3","","","","","","<31",""
"-122.51","53.03","QUESNEL","1096629","2015-02-02","2015","02","02","","-4.8","","-8.8","","-6.8","","24.8","","0.0","","","M","","M","2.5","","","","","","<31",""
"-122.51","53.03","QUESNEL","1096629","2015-02-03","2015","02","03","","-6.1","","-11.1","","-8.6","","26.6","","0.0","","","M","","M","0.3","","","","","","<31",""
"-122.51","53.03","QUESNEL","1096629","2015-02-04","2015","02","04","","-2.3","","-12.2","","-7.3","","25.3","","0.0","","","M","","M","0.0","","","","","","<31",""
"-122.51","53.03","QUESNEL","1096629","2015-02-05","2015","02","05","","-1.2","","-6.1","","-3.7","","21.7","","0.0","","","M","","M","7.9","","","","","","<31",""
"-122.51","53.03","QUESNEL","1096629","2015-02-06","2015","02","06","","-2.8","","-8.4","","-5.6","","23.6","","0.0","","","M","","M","0.0","","","","","","<31",""
"-122.51","53.03","QUESNEL","1096629","2015-02-07","2015","02","07","","3.6","","-7.7","","-2.1","","20.1","","0.0","","","M","","M","0.5","","","","32","","32",""
"-122.51","53.03","QUESNEL","1096629","2015-02-08","2015","02","08","","2.5","","-5.1","","-1.3","","19.3","","0.0","","","M","","M","0.3","","","","","","<31",""
"-122.51","53.03","QUESNEL","1096629","2015-02-09","2015","02","09","","-0.7","","-6.1","","-3.4","","21.4","","0.0","","","M","","M","0.0","","","","","","<31",""
"-122.51","53.03","QUESNEL","1096629","2015-02-10","2015","02","10","","1.5","","-2.6","","-0.6","","18.6","","0.0","","","M","","M","0.0","","","","","","<31",""
"-122.51","53.03","QUESNEL","1096629","2015-02-11","2015","02","11","","5.6","","-0.8","","2.4","","15.6","","0.0","","","M","","M","9.5","","","","","","<31",""
"-122.51","53.03","QUESNEL","1096629","2015-02-12","2015","02","12","","","","","","","","","","","","","","","","","","","","","","",""
"-122.51","53.03","QUESNEL","1096629","2015-02-13","2015","02","13","","","","","","","","","","","","","","","","","","","","","","",""
"-122.51","53.03","QUESNEL","1096629","2015-02-14","2015","02","14","","","","","","","","","","","","","","","","","","","","","","",""
"-122.51","53.03","QUESNEL","1096629","2015-02-15","2015","02","15","","","","","","","","","","","","","","","","","","","","","","",""
"-122.51","53.03","QUESNEL","1096629","2015-02-16","2015","02","16","","","","","","","","","","","","","","","","","","","","","","",""
"-122.51","53.03","QUESNEL","1096629","2015-02-17","2015","02","17","","","","","","","","","","","","","","","","","","","","","","",""
"-122.51","53.03","QUESNEL","1096629","2015-02-18","2015","02","18","","","","","","","","","","","","","","","","","","","","","","",""
"-122.51","53.03","QUESNEL","1096629","2015-02-19","2015","02","19","","","","","","","","","","","","","","","","","","","","","","",""
"-122.51","53.03","QUESNEL","1096629","2015-02-20","2015","02","20","","","","","","","","","","","","","","","","","","","","","","",""
"-122.51","53.03","QUESNEL","1096629","2015-02-21","2015","02","21","","","","","","","","","","","","","","","","","","","","","","",""
"-122.51","53.03","QUESNEL","1096629","2015-02-22","2015","02","22","","","","","","","","","","","","","","","","","","","","","","",""
"-122.51","53.03","QUESNEL","1096629","2015-02-23","2015","02","23","","","","","","","","","","","","","","","","","","","","","","",""
"-122.51","53.03","QUESNEL","1096629","2015-02-24","2015","02","24","","","","","","","","","","","","","","","","","","","","","","",""
"-122.51","53.03","QUESNEL","1096629","2015-02-25","2015","02","25","","","","","","","","","","","","","","","","","","","","","","",""
"-122.51","53.03","QUESNEL","1096629","2015-02-26","2015","02","26","","","","","","","","","","","","","","","","","","","","","","",""
"-122.51","53.03","QUESNEL","1096629","2015-02-27","2015","02","27","","","M","","M","","M","","M","","M","","M","","M","0.3","","","","31","","43",""
"-122.51","53.03","QUESNEL","1096629","2015-02-28","2015","02","28","","","M","","M","","M","","M","","M","","M","","M","0.0","","","","","","<31",""
"-122.51","53.03","QUESNEL","1096629","2015-03-01","2015","03","01","","3.7","","-5.5","","-0.9","","18.9","","0.0","","","M","","M","0.0","","","","","","<31",""
"-122.51","53.03","QUESNEL","1096629","2015-03-02","2015","03","02","","2.0","","-8.5","","-3.3","","21.3","","0.0","","","M","","M","0.0","","","","32","","50",""
"-122.51","53.03","QUESNEL","1096629","2015-03-03","2015","03","03","","0.0","","-15.6","","-7.8","","25.8","","0.0","","","M","","M","0.0","","","","","","<31",""
"-122.51","53.03","QUESNEL","1096629","2015-03-04","2015","03","04","","3.4","","-13.3","","-5.0","","23.0","","0.0","","","M","","M","0.0","","","","","","<31",""
"-122.51","53.03","QUESNEL","1096629","2015-03-05","2015","03","05","","6.4","","-3.3","","1.6","","16.4","","0.0","","","M","","M","0.9","","","","15","","32",""
"-122.51","53.03","QUESNEL","1096629","2015-03-06","2015","03","06","","7.5","","0.2","","3.9","","14.1","","0.0","","","M","","M","0.3","","","","","","<31",""
"-122.51","53.03","QUESNEL","1096629","2015-03-07","2015","03","07","","7.4","","0.7","","4.1","","13.9","","0.0","","","M","","M","2.3","","","","","","<31",""
"-122.51","53.03","QUESNEL","1096629","2015-03-08","2015","03","08","","2.8","","-0.8","","1.0","","17.0","","0.0","","","M","","M","0.8","","","","","","<31",""
"-122.51","53.03","QUESNEL","1096629","2015-03-09","2015","03","09","","12.0","","0.7","","6.4","","11.6","","0.0","","","M","","M","0.0","","","","","","<31",""
"-122.51","53.03","QUESNEL","1096629","2015-03-10","2015","03","10","","11.3","","-3.2","","4.1","","13.9","","0.0","","","M","","M","0.0","","","","","","<31",""
"-122.51","53.03","QUESNEL","1096629","2015-03-11","2015","03","11","","16.1","","0.7","","8.4","","9.6","","0.0","","","M","","M","0.0","","","","16","","35",""
"-122.51","53.03","QUESNEL","1096629","2015-03-12","2015","03","12","","15.4","","2.9","","9.2","","8.8","","0.0","","","M","","M","0.0","","","","17","","43",""
"-122.51","53.03","QUESNEL","1096629","2015-03-13","2015","03","13","","15.9","","0.8","","8.4","","9.6","","0.0","","","M","","M","0.0","","","","17","","44",""
"-122.51","53.03","QUESNEL","1096629","2015-03-14","2015","03","14","","","M","6.1","E","","M","","M","","M","","M","","M","","M","","","17","","74",""
"-122.51","53.03","QUESNEL","1096629","2015-03-15","2015","03","15","","","M","","M","","M","","M","","M","","M","","M","","M","","","","M","","M"
"-122.51","53.03","QUESNEL","1096629","2015-03-16","2015","03","16","","9.1","E","","M","","M","","M","","M","","M","","M","0.0","","","","","","<31",""
"-122.51","53.03","QUESNEL","1096629","2015-03-17","2015","03","17","","12.2","","-5.3","","3.5","","14.5","","0.0","","","M","","M","0.0","","","","32","","32",""
"-122.51","53.03","QUESNEL","1096629","2015-03-18","2015","03","18","","13.0","","-2.6","","5.2","","12.8","","0.0","","","M","","M","0.0","","","","","","<31",""
"-122.51","53.03","QUESNEL","1096629","2015-03-19","2015","03","19","","13.8","","1.6","","7.7","","10.3","","0.0","","","M","","M","5.0","","","","17","","35",""
"-122.51","53.03","QUESNEL","1096629","2015-03-20","2015","03","20","","11.3","","0.4","","5.9","","12.1","","0.0","","","M","","M","6.0","","","","15","","37",""
"-122.51","53.03","QUESNEL","1096629","2015-03-21","2015","03","21","","5.4","","-3.0","","1.2","","16.8","","0.0","","","M","","M","4.0","","","","34","","33",""
"-122.51","53.03","QUESNEL","1096629","2015-03-22","2015","03","22","","9.3","","-3.7","","2.8","","15.2","","0.0","","","M","","M","0.0","","","","","","<31",""
"-122.51","53.03","QUESNEL","1096629","2015-03-23","2015","03","23","","8.6","","-2.0","","3.3","","14.7","","0.0","","","M","","M","0.0","","","","","","<31",""
"-122.51","53.03","QUESNEL","1096629","2015-03-24","2015","03","24","","11.4","","-1.3","","5.1","","12.9","","0.0","","","M","","M","0.0","","","","","","<31",""
"-122.51","53.03","QUESNEL","1096629","2015-03-25","2015","03","25","","7.8","E","0.3","E","4.1","E","13.9","E","0.0","E","","M","","M","","M","","","","","<31",""
"-122.51","53.03","QUESNEL","1096629","2015-03-26","2015","03","26","","13.0","E","","M","","M","","M","","M","","M","","M","4.8","","","","","","<31",""
"-122.51","53.03","QUESNEL","1096629","2015-03-27","2015","03","27","","13.0","","4.9","","9.0","","9.0","","0.0","","","M","","M","1.0","","","","33","","32",""
"-122.51","53.03","QUESNEL","1096629","2015-03-28","2015","03","28","","14.0","","0.9","","7.5","","10.5","","0.0","","","M","","M","0.5","","","","20","","61",""
"-122.51","53.03","QUESNEL","1096629","2015-03-29","2015","03","29","","14.5","","3.3","","8.9","","9.1","","0.0","","","M","","M","0.0","","","","25","","41",""
"-122.51","53.03","QUESNEL","1096629","2015-03-30","2015","03","30","","16.8","","1.2","","9.0","","9.0","","0.0","","","M","","M","3.0","","","","16","","44",""
"-122.51","53.03","QUESNEL","1096629","2015-03-31","2015","03","31","","10.8","","-0.8","","5.0","","13.0","","0.0","","","M","","M","5.0","","","","29","","44",""
"-122.51","53.03","QUESNEL","1096629","2015-04-01","2015","04","01","","9.2","","-2.9","","3.2","","14.8","","0.0","","","M","","M","0.5","","","","28","","35",""
"-122.51","53.03","QUESNEL","1096629","2015-04-02","2015","04","02","","10.3","","-2.0","","4.2","","13.8","","0.0","","","M","","M","0.0","","","","","","<31",""
"-122.51","53.03","QUESNEL","1096629","2015-04-03","2015","04","03","","11.3","","-3.7","","3.8","","14.2","","0.0","","","M","","M","0.0","","","","","","<31",""
"-122.51","53.03","QUESNEL","1096629","2015-04-04","2015","04","04","","7.4","","0.6","","4.0","","14.0","","0.0","","","M","","M","1.8","","","","","","<31",""
"-122.51","53.03","QUESNEL","1096629","2015-04-05","2015","04","05","","10.6","","-0.7","","5.0","","13.0","","0.0","","","M","","M","0.0","","","","","","<31",""
"-122.51","53.03","QUESNEL","1096629","2015-04-06","2015","04","06","","11.7","","-4.7","","3.5","","14.5","","0.0","","","M","","M","0.0","","","","33","","33",""
"-122.51","53.03","QUESNEL","1096629","2015-04-07","2015","04","07","","12.2","","-4.9","","3.7","","14.3","","0.0","","","M","","M","0.0","","","","34","","32",""
"-122.51","53.03","QUESNEL","1096629","2015-04-08","2015","04","08","","15.8","","-4.7","","5.6","","12.4","","0.0","","","M","","M","0.0","","","","","","<31",""
"-122.51","53.03","QUESNEL","1096629","2015-04-09","2015","04","09","","17.8","","-4.6","","6.6","","11.4","","0.0","","","M","","M","0.0","","","","16","","43",""
"-122.51","53.03","QUESNEL","1096629","2015-04-10","2015","04","10","","13.0","","-2.9","","5.1","","12.9","","0.0","","","M","","M","0.0","","","","18","","59",""
"-122.51","53.03","QUESNEL","1096629","2015-04-11","2015","04","11","","9.7","","-1.2","","4.3","","13.7","","0.0","","","M","","M","0.0","","","","30","","52",""
"-122.51","53.03","QUESNEL","1096629","2015-04-12","2015","04","12","","10.4","","-3.3","","3.6","","14.4","","0.0","","","M","","M","0.0","","","","21","","43",""
"-122.51","53.03","QUESNEL","1096629","2015-04-13","2015","04","13","","12.5","","-3.1","","4.7","","13.3","","0.0","","","M","","M","0.3","","","","18","","61",""
"-122.51","53.03","QUESNEL","1096629","2015-04-14","2015","04","14","","11.0","","-2.6","","4.2","","13.8","","0.0","","","M","","M","0.0","","","","31","","48",""
"-122.51","53.03","QUESNEL","1096629","2015-04-15","2015","04","15","","15.1","","-4.2","","5.5","","12.5","","0.0","","","M","","M","0.0","","","","18","","44",""
"-122.51","53.03","QUESNEL","1096629","2015-04-16","2015","04","16","","12.2","","7.1","","9.7","","8.3","","0.0","","","M","","M","0.0","","","","15","","33",""
"-122.51","53.03","QUESNEL","1096629","2015-04-17","2015","04","17","","15.6","","3.8","","9.7","","8.3","","0.0","","","M","","M","0.0","","","","32","","57",""
"-122.51","53.03","QUESNEL","1096629","2015-04-18","2015","04","18","","13.7","","-4.3","","4.7","","13.3","","0.0","","","M","","M","0.0","","","","","","<31",""
"-122.51","53.03","QUESNEL","1096629","2015-04-19","2015","04","19","","18.2","","-3.5","","7.4","","10.6","","0.0","","","M","","M","0.0","","","","","","<31",""
"-122.51","53.03","QUESNEL","1096629","2015-04-20","2015","04","20","","22.7","","1.9","","12.3","","5.7","","0.0","","","M","","M","0.0","","","","","","<31",""
"-122.51","53.03","QUESNEL","1096629","2015-04-21","2015","04","21","","20.6","","6.2","","13.4","","4.6","","0.0","","","M","","M","4.0","","","","33","","56",""
"-122.51","53.03","QUESNEL","1096629","2015-04-22","2015","04","22","","10.6","","2.4","","6.5","","11.5","","0.0","","","M","","M","2.5","","","","31","","37",""
"-122.51","53.03","QUESNEL","1096629","2015-04-23","2015","04","23","","","M","-0.2","E","","M","","M","","M","","M","","M","","M","","","15","","35",""
"-122.51","53.03","QUESNEL","1096629","2015-04-24","2015","04","24","","9.1","","2.0","","5.6","","12.4","","0.0","","","M","","M","6.1","","","","15","","35",""
"-122.51","53.03","QUESNEL","1096629","2015-04-25","2015","04","25","","10.9","","1.3","","6.1","","11.9","","0.0","","","M","","M","0.0","","","","","","<31",""
"-122.51","53.03","QUESNEL","1096629","2015-04-26","2015","04","26","","16.5","","-0.7","","7.9","","10.1","","0.0","","","M","","M","0.0","","","","19","","46",""
"-122.51","53.03","QUESNEL","1096629","2015-04-27","2015","04","27","","20.3","","4.1","","12.2","","5.8","","0.0","","","M","","M","0.0","","","","15","","54",""
"-122.51","53.03","QUESNEL","1096629","2015-04-28","2015","04","28","","21.3","","6.8","","14.1","","3.9","","0.0","","","M","","M","0.5","","","","16","","76",""
"-122.51","53.03","QUESNEL","1096629","2015-04-29","2015","04","29","","15.2","","-1.3","","7.0","","11.0","","0.0","","","M","","M","0.0","","","","28","","52",""
"-122.51","53.03","QUESNEL","1096629","2015-04-30","2015","04","30","","12.3","","4.9","","8.6","","9.4","","0.0","","","M","","M","2.0","","","","20","","35",""
"-122.51","53.03","QUESNEL","1096629","2015-05-01","2015","05","01","","11.0","","1.9","","6.5","","11.5","","0.0","","","M","","M","0.5","","","","32","","48",""
"-122.51","53.03","QUESNEL","1096629","2015-05-02","2015","05","02","","12.8","","-4.1","","4.4","","13.6","","0.0","","","M","","M","0.0","","","","25","","33",""
"-122.51","53.03","QUESNEL","1096629","2015-05-03","2015","05","03","","17.0","","-3.6","","6.7","","11.3","","0.0","","","M","","M","0.0","","","","16","","35",""
"-122.51","53.03","QUESNEL","1096629","2015-05-04","2015","05","04","","20.0","","4.3","","12.2","","5.8","","0.0","","","M","","M","0.0","","","","16","","54",""
"-122.51","53.03","QUESNEL","1096629","2015-05-05","2015","05","05","","12.7","","2.1","","7.4","","10.6","","0.0","","","M","","M","3.0","","","","32","","37",""
"-122.51","53.03","QUESNEL","1096629","2015-05-06","2015","05","06","","14.9","","2.0","","8.5","","9.5","","0.0","","","M","","M","0.0","","","","33","","33",""
"-122.51","53.03","QUESNEL","1096629","2015-05-07","2015","05","07","","18.1","","-1.4","","8.4","","9.6","","0.0","","","M","","M","0.0","","","","36","","35",""
"-122.51","53.03","QUESNEL","1096629","2015-05-08","2015","05","08","","21.5","","-1.5","","10.0","","8.0","","0.0","","","M","","M","0.0","","","","","","<31",""
"-122.51","53.03","QUESNEL","1096629","2015-05-09","2015","05","09","","24.6","","0.4","","12.5","","5.5","","0.0","","","M","","M","0.0","","","","","","<31",""
"-122.51","53.03","QUESNEL","1096629","2015-05-10","2015","05","10","","26.6","","2.2","","14.4","","3.6","","0.0","","","M","","M","0.0","","","","","","<31",""
"-122.51","53.03","QUESNEL","1096629","2015-05-11","2015","05","11","","26.0","","3.5","","14.8","","3.2","","0.0","","","M","","M","0.0","","","","","","<31",""
"-122.51","53.03","QUESNEL","1096629","2015-05-12","2015","05","12","","25.9","","1.5","","13.7","","4.3","","0.0","","","M","","M","0.0","","","","16","","43",""
"-122.51","53.03","QUESNEL","1096629","2015-05-13","2015","05","13","","25.1","","3.1","","14.1","","3.9","","0.0","","","M","","M","0.0","","","","","","<31",""
"-122.51","53.03","QUESNEL","1096629","2015-05-14","2015","05","14","","23.4","","2.8","","13.1","","4.9","","0.0","","","M","","M","0.0","","","","17","","39",""
"-122.51","53.03","QUESNEL","1096629","2015-05-15","2015","05","15","","21.2","","4.0","","12.6","","5.4","","0.0","","","M","","M","0.3","","","","4","","61",""
"-122.51","53.03","QUESNEL","1096629","2015-05-16","2015","05","16","","20.1","","3.2","","11.7","","6.3","","0.0","","","M","","M","0.0","","","","32","","54",""
"-122.51","53.03","QUESNEL","1096629","2015-05-17","2015","05","17","","20.8","","6.3","","13.6","","4.4","","0.0","","","M","","M","0.0","","","","15","","41",""
"-122.51","53.03","QUESNEL","1096629","2015-05-18","2015","05","18","","22.4","","7.0","","14.7","","3.3","","0.0","","","M","","M","0.0","","","","16","","43",""
"-122.51","53.03","QUESNEL","1096629","2015-05-19","2015","05","19","","23.7","","4.2","","14.0","","4.0","","0.0","","","M","","M","0.0","","","","1","","43",""
"-122.51","53.03","QUESNEL","1096629","2015-05-20","2015","05","20","","25.0","","4.7","","14.9","","3.1","","0.0","","","M","","M","0.0","","","","32","","50",""
"-122.51","53.03","QUESNEL","1096629","2015-05-21","2015","05","21","","26.9","","4.3","","15.6","","2.4","","0.0","","","M","","M","0.0","","","","11","","43",""
"-122.51","53.03","QUESNEL","1096629","2015-05-22","2015","05","22","","25.1","","6.4","","15.8","","2.2","","0.0","","","M","","M","0.0","","","","","","<31",""
"-122.51","53.03","QUESNEL","1096629","2015-05-23","2015","05","23","","24.3","","7.4","","15.9","","2.1","","0.0","","","M","","M","1.0","","","","25","","43",""
"-122.51","53.03","QUESNEL","1096629","2015-05-24","2015","05","24","","18.3","","11.7","","15.0","","3.0","","0.0","","","M","","M","7.8","","","","","","<31",""
"-122.51","53.03","QUESNEL","1096629","2015-05-25","2015","05","25","","23.8","","9.6","","16.7","","1.3","","0.0","","","M","","M","0.0","","","","1","","33",""
"-122.51","53.03","QUESNEL","1096629","2015-05-26","2015","05","26","","27.4","","6.8","","17.1","","0.9","","0.0","","","M","","M","0.0","","","","4","","35",""
"-122.51","53.03","QUESNEL","1096629","2015-05-27","2015","05","27","","24.8","","9.0","","16.9","","1.1","","0.0","","","M","","M","0.0","","","","","","<31",""
"-122.51","53.03","QUESNEL","1096629","2015-05-28","2015","05","28","","28.5","","9.0","","18.8","","0.0","","0.8","","","M","","M","0.0","","","","14","","44",""
"-122.51","53.03","QUESNEL","1096629","2015-05-29","2015","05","29","","22.2","","5.2","","13.7","","4.3","","0.0","","","M","","M","0.0","","","","32","","63",""
"-122.51","53.03","QUESNEL","1096629","2015-05-30","2015","05","30","","18.7","","6.3","","12.5","","5.5","","0.0","","","M","","M","2.8","","","","35","","46",""
"-122.51","53.03","QUESNEL","1096629","2015-05-31","2015","05","31","","23.5","","3.1","","13.3","","4.7","","0.0","","","M","","M","0.0","","","","","","<31",""
"-122.51","53.03","QUESNEL","1096629","2015-06-01","2015","06","01","","","M","6.8","E","","M","","M","","M","","M","","M","","M","","","","","<31",""
"-122.51","53.03","QUESNEL","1096629","2015-06-02","2015","06","02","","","M","","M","","M","","M","","M","","M","","M","","M","","","11","","35",""
"-122.51","53.03","QUESNEL","1096629","2015-06-03","2015","06","03","","19.7","","10.4","","15.1","","2.9","","0.0","","","M","","M","9.3","","","","","","<31",""
"-122.51","53.03","QUESNEL","1096629","2015-06-04","2015","06","04","","23.6","","5.6","","14.6","","3.4","","0.0","","","M","","M","0.0","","","","","","<31",""
"-122.51","53.03","QUESNEL","1096629","2015-06-05","2015","06","05","","24.5","","6.6","","15.6","","2.4","","0.0","","","M","","M","0.0","","","","30","","37",""
"-122.51","53.03","QUESNEL","1096629","2015-06-06","2015","06","06","","25.6","","7.1","","16.4","","1.6","","0.0","","","M","","M","0.0","","","","","","<31",""
"-122.51","53.03","QUESNEL","1096629","2015-06-07","2015","06","07","","28.1","","9.9","","19.0","","0.0","","1.0","","","M","","M","0.0","","","","33","","35",""
"-122.51","53.03","QUESNEL","1096629","2015-06-08","2015","06","08","","24.5","","8.5","","16.5","","1.5","","0.0","","","M","","M","0.0","","","","3","","35",""
"-122.51","53.03","QUESNEL","1096629","2015-06-09","2015","06","09","","24.9","","4.7","","14.8","","3.2","","0.0","","","M","","M","0.0","","","","","","<31",""
"-122.51","53.03","QUESNEL","1096629","2015-06-10","2015","06","10","","25.6","","4.4","","15.0","","3.0","","0.0","","","M","","M","0.0","","","","","","<31",""
"-122.51","53.03","QUESNEL","1096629","2015-06-11","2015","06","11","","20.4","","10.5","","15.5","","2.5","","0.0","","","M","","M","0.0","","","","32","","54",""
"-122.51","53.03","QUESNEL","1096629","2015-06-12","2015","06","12","","18.1","","6.6","","12.4","","5.6","","0.0","","","M","","M","0.0","","","","","","<31",""
"-122.51","53.03","QUESNEL","1096629","2015-06-13","2015","06","13","","15.3","","7.4","","11.4","","6.6","","0.0","","","M","","M","0.0","","","","","","<31",""
"-122.51","53.03","QUESNEL","1096629","2015-06-14","2015","06","14","","23.9","","2.2","","13.1","","4.9","","0.0","","","M","","M","9.4","","","","19","","46",""
"-122.51","53.03","QUESNEL","1096629","2015-06-15","2015","06","15","","25.4","","5.3","","15.4","","2.6","","0.0","","","M","","M","0.0","","","","","","<31",""
"-122.51","53.03","QUESNEL","1096629","2015-06-16","2015","06","16","","","M","8.5","E","","M","","M","","M","","M","","M","","M","","","","","<31",""
"-122.51","53.03","QUESNEL","1096629","2015-06-17","2015","06","17","","","M","","M","","M","","M","","M","","M","","M","","M","","","","M","","M"
"-122.51","53.03","QUESNEL","1096629","2015-06-18","2015","06","18","","","M","","M","","M","","M","","M","","M","","M","","M","","","21","","46",""
"-122.51","53.03","QUESNEL","1096629","2015-06-19","2015","06","19","","14.9","","9.7","","12.3","","5.7","","0.0","","","M","","M","6.2","","","","","","<31",""
"-122.51","53.03","QUESNEL","1096629","2015-06-20","2015","06","20","","15.3","","8.0","","11.7","","6.3","","0.0","","","M","","M","1.3","","","","","","<31",""
"-122.51","53.03","QUESNEL","1096629","2015-06-21","2015","06","21","","22.2","","4.8","","13.5","","4.5","","0.0","","","M","","M","0.0","","","","","","<31",""
"-122.51","53.03","QUESNEL","1096629","2015-06-22","2015","06","22","","26.8","","5.4","","16.1","","1.9","","0.0","","","M","","M","0.0","","","","","","<31",""
"-122.51","53.03","QUESNEL","1096629","2015-06-23","2015","06","23","","26.0","","13.5","","19.8","","0.0","","1.8","","","M","","M","0.0","","","","","","<31",""
"-122.51","53.03","QUESNEL","1096629","2015-06-24","2015","06","24","","27.0","","9.5","","18.3","","0.0","","0.3","","","M","","M","0.0","","","","18","","39",""
"-122.51","53.03","QUESNEL","1096629","2015-06-25","2015","06","25","","26.4","","10.0","","18.2","","0.0","","0.2","","","M","","M","1.8","","","","3","","48",""
"-122.51","53.03","QUESNEL","1096629","2015-06-26","2015","06","26","","28.0","","10.1","","19.1","","0.0","","1.1","","","M","","M","0.0","","","","","","<31",""
"-122.51","53.03","QUESNEL","1096629","2015-06-27","2015","06","27","","30.1","","9.3","","19.7","","0.0","","1.7","","","M","","M","0.0","","","","","","<31",""
"-122.51","53.03","QUESNEL","1096629","2015-06-28","2015","06","28","","32.4","","9.9","","21.2","","0.0","","3.2","","","M","","M","0.0","","","","","","<31",""
"-122.51","53.03","QUESNEL","1096629","2015-06-29","2015","06","29","","27.2","","16.9","","22.1","","0.0","","4.1","","","M","","M","0.8","","","","32","","44",""
"-122.51","53.03","QUESNEL","1096629","2015-06-30","2015","06","30","","24.8","","13.0","","18.9","","0.0","","0.9","","","M","","M","2.6","","","","35","","32",""
"-122.51","53.03","QUESNEL","1096629","2015-07-01","2015","07","01","","27.9","","12.3","","20.1","","0.0","","2.1","","","M","","M","0.0","","","","","","<31",""
"-122.51","53.03","QUESNEL","1096629","2015-07-02","2015","07","02","","31.5","","9.3","","20.4","","0.0","","2.4","","","M","","M","0.0","","","","","","<31",""
"-122.51","53.03","QUESNEL","1096629","2015-07-03","2015","07","03","","29.3","","12.5","","20.9","","0.0","","2.9","","","M","","M","0.0","","","","","","<31",""
"-122.51","53.03","QUESNEL","1096629","2015-07-04","2015","07","04","","26.2","","6.7","","16.5","","1.5","","0.0","","","M","","M","0.0","","","","35","","43",""
"-122.51","53.03","QUESNEL","1096629","2015-07-05","2015","07","05","","27.8","","9.0","","18.4","","0.0","","0.4","","","M","","M","0.0","","","","","","<31",""
"-122.51","53.03","QUESNEL","1096629","2015-07-06","2015","07","06","","31.3","","6.1","","18.7","","0.0","","0.7","","","M","","M","0.0","","","","35","","33",""
"-122.51","53.03","QUESNEL","1096629","2015-07-07","2015","07","07","","33.3","","8.7","","21.0","","0.0","","3.0","","","M","","M","0.0","","","","","","<31",""
"-122.51","53.03","QUESNEL","1096629","2015-07-08","2015","07","08","","35.1","","10.7","","22.9","","0.0","","4.9","","","M","","M","0.0","","","","","","<31",""
"-122.51","53.03","QUESNEL","1096629","2015-07-09","2015","07","09","","33.5","","11.4","","22.5","","0.0","","4.5","","","M","","M","0.0","","","","","","<31",""
"-122.51","53.03","QUESNEL","1096629","2015-07-10","2015","07","10","","33.6","","12.1","","22.9","","0.0","","4.9","","","M","","M","0.0","","","","","","<31",""
"-122.51","53.03","QUESNEL","1096629","2015-07-11","2015","07","11","","29.7","","14.2","","22.0","","0.0","","4.0","","","M","","M","2.0","","","","32","","44",""
"-122.51","53.03","QUESNEL","1096629","2015-07-12","2015","07","12","","24.1","","13.9","","19.0","","0.0","","1.0","","","M","","M","12.2","","","","","","<31",""
"-122.51","53.03","QUESNEL","1096629","2015-07-13","2015","07","13","","22.1","","12.7","","17.4","","0.6","","0.0","","","M","","M","5.1","","","","30","","41",""
"-122.51","53.03","QUESNEL","1096629","2015-07-14","2015","07","14","","23.5","","10.2","","16.9","","1.1","","0.0","","","M","","M","0.0","","","","","","<31",""
"-122.51","53.03","QUESNEL","1096629","2015-07-15","2015","07","15","","18.0","","9.2","","13.6","","4.4","","0.0","","","M","","M","6.6","","","","32","","65",""
"-122.51","53.03","QUESNEL","1096629","2015-07-16","2015","07","16","","21.7","","6.0","","13.9","","4.1","","0.0","","","M","","M","0.0","","","","","","<31",""
"-122.51","53.03","QUESNEL","1096629","2015-07-17","2015","07","17","","24.4","","5.3","","14.9","","3.1","","0.0","","","M","","M","0.0","","","","34","","33",""
"-122.51","53.03","QUESNEL","1096629","2015-07-18","2015","07","18","","30.4","","11.0","","20.7","","0.0","","2.7","","","M","","M","0.0","","","","33","","35",""
"-122.51","53.03","QUESNEL","1096629","2015-07-19","2015","07","19","","29.8","","12.3","","21.1","","0.0","","3.1","","","M","","M","0.0","","","","","","<31",""
"-122.51","53.03","QUESNEL","1096629","2015-07-20","2015","07","20","","27.4","","11.7","","19.6","","0.0","","1.6","","","M","","M","0.0","","","","29","","50",""
"-122.51","53.03","QUESNEL","1096629","2015-07-21","2015","07","21","","22.6","","9.9","","16.3","","1.7","","0.0","","","M","","M","0.3","","","","29","","37",""
"-122.51","53.03","QUESNEL","1096629","2015-07-22","2015","07","22","","21.8","","11.9","","16.9","","1.1","","0.0","","","M","","M","3.3","","","","33","","39",""
"-122.51","53.03","QUESNEL","1096629","2015-07-23","2015","07","23","","","M","6.7","E","","M","","M","","M","","M","","M","","M","","","","","<31",""
"-122.51","53.03","QUESNEL","1096629","2015-07-24","2015","07","24","","19.9","","12.1","","16.0","","2.0","","0.0","","","M","","M","11.8","","","","1","","44",""
"-122.51","53.03","QUESNEL","1096629","2015-07-25","2015","07","25","","18.7","","9.5","","14.1","","3.9","","0.0","","","M","","M","12.1","","","","33","","37",""
"-122.51","53.03","QUESNEL","1096629","2015-07-26","2015","07","26","","17.8","","8.0","","12.9","","5.1","","0.0","","","M","","M","4.3","","","","30","","33",""
"-122.51","53.03","QUESNEL","1096629","2015-07-27","2015","07","27","","20.8","","8.9","","14.9","","3.1","","0.0","","","M","","M","0.3","","","","","","<31",""
"-122.51","53.03","QUESNEL","1096629","2015-07-28","2015","07","28","","23.1","","11.8","","17.5","","0.5","","0.0","","","M","","M","0.6","","","","","","<31",""
"-122.51","53.03","QUESNEL","1096629","2015-07-29","2015","07","29","","22.1","","11.5","","16.8","","1.2","","0.0","","","M","","M","0.0","","","","34","","32",""
"-122.51","53.03","QUESNEL","1096629","2015-07-30","2015","07","30","","28.6","","7.3","","18.0","","0.0","","0.0","","","M","","M","0.0","","","","","","<31",""
"-122.51","53.03","QUESNEL","1096629","2015-07-31","2015","07","31","","27.8","","8.7","","18.3","","0.0","","0.3","","","M","","M","0.0","","","","34","","44",""
"-122.51","53.03","QUESNEL","1096629","2015-08-01","2015","08","01","","26.1","","13.4","","19.8","","0.0","","1.8","","","M","","M","0.0","","","","","","<31",""
"-122.51","53.03","QUESNEL","1096629","2015-08-02","2015","08","02","","29.3","","9.7","","19.5","","0.0","","1.5","","","M","","M","0.0","","","","33","","33",""
"-122.51","53.03","QUESNEL","1096629","2015-08-03","2015","08","03","","21.3","","10.2","","15.8","","2.2","","0.0","","","M","","M","9.8","","","","33","","46",""
"-122.51","53.03","QUESNEL","1096629","2015-08-04","2015","08","04","","21.0","","9.3","","15.2","","2.8","","0.0","","","M","","M","0.3","","","","","","<31",""
"-122.51","53.03","QUESNEL","1096629","2015-08-05","2015","08","05","","18.7","","9.2","","14.0","","4.0","","0.0","","","M","","M","0.0","","","","32","","39",""
"-122.51","53.03","QUESNEL","1096629","2015-08-06","2015","08","06","","23.8","","9.1","","16.5","","1.5","","0.0","","","M","","M","0.0","","","","","","<31",""
"-122.51","53.03","QUESNEL","1096629","2015-08-07","2015","08","07","","24.3","","10.5","","17.4","","0.6","","0.0","","","M","","M","3.3","","","","36","","39",""
"-122.51","53.03","QUESNEL","1096629","2015-08-08","2015","08","08","","23.2","","12.0","","17.6","","0.4","","0.0","","","M","","M","8.6","","","","28","","32",""
"-122.51","53.03","QUESNEL","1096629","2015-08-09","2015","08","09","","26.1","","12.5","","19.3","","0.0","","1.3","","","M","","M","0.8","","","","33","","33",""
"-122.51","53.03","QUESNEL","1096629","2015-08-10","2015","08","10","","25.7","","8.9","","17.3","","0.7","","0.0","","","M","","M","0.0","","","","","","<31",""
"-122.51","53.03","QUESNEL","1096629","2015-08-11","2015","08","11","","26.8","","8.6","","17.7","","0.3","","0.0","","","M","","M","0.0","","","","","","<31",""
"-122.51","53.03","QUESNEL","1096629","2015-08-12","2015","08","12","","29.0","","9.1","","19.1","","0.0","","1.1","","","M","","M","0.0","","","","","","<31",""
"-122.51","53.03","QUESNEL","1096629","2015-08-13","2015","08","13","","25.0","","10.3","","17.7","","0.3","","0.0","","","M","","M","0.0","","","","","","<31",""
"-122.51","53.03","QUESNEL","1096629","2015-08-14","2015","08","14","","24.2","","9.8","","17.0","","1.0","","0.0","","","M","","M","0.0","","","","35","","33",""
"-122.51","53.03","QUESNEL","1096629","2015-08-15","2015","08","15","","23.5","","8.4","","16.0","","2.0","","0.0","","","M","","M","0.0","","","","34","","44",""
"-122.51","53.03","QUESNEL","1096629","2015-08-16","2015","08","16","","24.6","","7.6","","16.1","","1.9","","0.0","","","M","","M","0.0","","","","1","","43",""
"-122.51","53.03","QUESNEL","1096629","2015-08-17","2015","08","17","","25.7","","5.7","","15.7","","2.3","","0.0","","","M","","M","0.0","","","","32","","35",""
"-122.51","53.03","QUESNEL","1096629","2015-08-18","2015","08","18","","28.6","","9.4","","19.0","","0.0","","1.0","","","M","","M","0.0","","","","","","<31",""
"-122.51","53.03","QUESNEL","1096629","2015-08-19","2015","08","19","","27.4","","8.1","","17.8","","0.2","","0.0","","","M","","M","0.0","","","","32","","41",""
"-122.51","53.03","QUESNEL","1096629","2015-08-20","2015","08","20","","23.4","","5.4","","14.4","","3.6","","0.0","","","M","","M","0.0","","","","33","","54",""
"-122.51","53.03","QUESNEL","1096629","2015-08-21","2015","08","21","","19.8","","6.8","","13.3","","4.7","","0.0","","","M","","M","2.3","","","","33","","46",""
"-122.51","53.03","QUESNEL","1096629","2015-08-22","2015","08","22","","24.9","","0.7","","12.8","","5.2","","0.0","","","M","","M","0.0","","","","","","<31",""
"-122.51","53.03","QUESNEL","1096629","2015-08-23","2015","08","23","","24.5","","4.0","","14.3","","3.7","","0.0","","","M","","M","0.0","","","","34","","32",""
"-122.51","53.03","QUESNEL","1096629","2015-08-24","2015","08","24","","23.2","","3.5","","13.4","","4.6","","0.0","","","M","","M","0.0","","","","","","<31",""
"-122.51","53.03","QUESNEL","1096629","2015-08-25","2015","08","25","","22.2","","6.1","","14.2","","3.8","","0.0","","","M","","M","0.0","","","","","","<31",""
"-122.51","53.03","QUESNEL","1096629","2015-08-26","2015","08","26","","26.9","","7.2","","17.1","","0.9","","0.0","","","M","","M","0.0","","","","","","<31",""
"-122.51","53.03","QUESNEL","1096629","2015-08-27","2015","08","27","","28.2","","8.0","","18.1","","0.0","","0.1","","","M","","M","0.0","","","","","","<31",""
"-122.51","53.03","QUESNEL","1096629","2015-08-28","2015","08","28","","23.4","","7.9","","15.7","","2.3","","0.0","","","M","","M","5.3","","","","33","","37",""
"-122.51","53.03","QUESNEL","1096629","2015-08-29","2015","08","29","","20.3","","4.4","","12.4","","5.6","","0.0","","","M","","M","6.3","","","","17","","41",""
"-122.51","53.03","QUESNEL","1096629","2015-08-30","2015","08","30","","22.9","","9.9","","16.4","","1.6","","0.0","","","M","","M","0.0","","","","18","","52",""
"-122.51","53.03","QUESNEL","1096629","2015-08-31","2015","08","31","","23.4","","9.2","","16.3","","1.7","","0.0","","","M","","M","1.0","","","","33","","46",""
"-122.51","53.03","QUESNEL","1096629","2015-09-01","2015","09","01","","19.5","","4.4","","12.0","","6.0","","0.0","","","M","","M","5.3","","","","17","","57",""
"-122.51","53.03","QUESNEL","1096629","2015-09-02","2015","09","02","","14.9","","4.2","","9.6","","8.4","","0.0","","","M","","M","2.3","","","","","","<31",""
"-122.51","53.03","QUESNEL","1096629","2015-09-03","2015","09","03","","11.8","","4.2","","8.0","","10.0","","0.0","","","M","","M","7.3","","","","","","<31",""
"-122.51","53.03","QUESNEL","1096629","2015-09-04","2015","09","04","","16.0","","3.7","","9.9","","8.1","","0.0","","","M","","M","0.3","","","","","","<31",""
"-122.51","53.03","QUESNEL","1096629","2015-09-05","2015","09","05","","18.9","","3.0","","11.0","","7.0","","0.0","","","M","","M","0.0","","","","","","<31",""
"-122.51","53.03","QUESNEL","1096629","2015-09-06","2015","09","06","","17.5","","-0.8","","8.4","","9.6","","0.0","","","M","","M","0.0","","","","","","<31",""
"-122.51","53.03","QUESNEL","1096629","2015-09-07","2015","09","07","","17.6","","6.8","","12.2","","5.8","","0.0","","","M","","M","1.5","","","","","","<31",""
"-122.51","53.03","QUESNEL","1096629","2015-09-08","2015","09","08","","16.5","","11.0","","13.8","","4.2","","0.0","","","M","","M","9.6","","","","","","<31",""
"-122.51","53.03","QUESNEL","1096629","2015-09-09","2015","09","09","","16.2","","10.3","","13.3","","4.7","","0.0","","","M","","M","5.9","","","","","","<31",""
"-122.51","53.03","QUESNEL","1096629","2015-09-10","2015","09","10","","23.1","","10.9","","17.0","","1.0","","0.0","","","M","","M","0.0","","","","","","<31",""
"-122.51","53.03","QUESNEL","1096629","2015-09-11","2015","09","11","","26.0","","8.8","","17.4","","0.6","","0.0","","","M","","M","0.3","","","","","","<31",""
"-122.51","53.03","QUESNEL","1096629","2015-09-12","2015","09","12","","15.1","","8.7","","11.9","","6.1","","0.0","","","M","","M","9.1","","","","34","","35",""
"-122.51","53.03","QUESNEL","1096629","2015-09-13","2015","09","13","","14.8","","3.6","","9.2","","8.8","","0.0","","","M","","M","0.0","","","","34","","32",""
"-122.51","53.03","QUESNEL","1096629","2015-09-14","2015","09","14","","14.0","","1.6","","7.8","","10.2","","0.0","","","M","","M","0.0","","","","","","<31",""
"-122.51","53.03","QUESNEL","1096629","2015-09-15","2015","09","15","","14.3","","0.6","","7.5","","10.5","","0.0","","","M","","M","0.0","","","","","","<31",""
"-122.51","53.03","QUESNEL","1096629","2015-09-16","2015","09","16","","14.9","","0.0","","7.5","","10.5","","0.0","","","M","","M","0.0","","","","","","<31",""
"-122.51","53.03","QUESNEL","1096629","2015-09-17","2015","09","17","","17.2","","2.1","","9.7","","8.3","","0.0","","","M","","M","0.8","","","","31","","33",""
"-122.51","53.03","QUESNEL","1096629","2015-09-18","2015","09","18","","13.2","","3.1","","8.2","","9.8","","0.0","","","M","","M","3.0","","","","","","<31",""
"-122.51","53.03","QUESNEL","1096629","2015-09-19","2015","09","19","","16.8","","12.0","","14.4","","3.6","","0.0","","","M","","M","1.4","","","","14","","35",""
"-122.51","53.03","QUESNEL","1096629","2015-09-20","2015","09","20","","12.6","","2.6","","7.6","","10.4","","0.0","","","M","","M","7.6","","","","","","<31",""
"-122.51","53.03","QUESNEL","1096629","2015-09-21","2015","09","21","","14.3","","2.8","","8.6","","9.4","","0.0","","","M","","M","0.0","","","","","","<31",""
"-122.51","53.03","QUESNEL","1096629","2015-09-22","2015","09","22","","12.1","","2.4","","7.3","","10.7","","0.0","","","M","","M","2.8","","","","","","<31",""
"-122.51","53.03","QUESNEL","1096629","2015-09-23","2015","09","23","","19.3","","5.3","","12.3","","5.7","","0.0","","","M","","M","0.0","","","","19","","44",""
"-122.51","53.03","QUESNEL","1096629","2015-09-24","2015","09","24","","18.6","","8.8","","13.7","","4.3","","0.0","","","M","","M","0.0","","","","18","","43",""
"-122.51","53.03","QUESNEL","1096629","2015-09-25","2015","09","25","","16.3","","1.4","","8.9","","9.1","","0.0","","","M","","M","0.0","","","","","","<31",""
"-122.51","53.03","QUESNEL","1096629","2015-09-26","2015","09","26","","15.4","","1.1","","8.3","","9.7","","0.0","","","M","","M","0.0","","","","28","","35",""
"-122.51","53.03","QUESNEL","1096629","2015-09-27","2015","09","27","","14.4","","5.8","","10.1","","7.9","","0.0","","","M","","M","0.0","","","","","","<31",""
"-122.51","53.03","QUESNEL","1096629","2015-09-28","2015","09","28","","18.7","","6.6","","12.7","","5.3","","0.0","","","M","","M","0.0","","","","18","","33",""
"-122.51","53.03","QUESNEL","1096629","2015-09-29","2015","09","29","","21.0","","7.2","","14.1","","3.9","","0.0","","","M","","M","0.0","","","","","","<31",""
"-122.51","53.03","QUESNEL","1096629","2015-09-30","2015","09","30","","23.4","","9.1","","16.3","","1.7","","0.0","","","M","","M","0.0","","","","16","","33",""
"-122.51","53.03","QUESNEL","1096629","2015-10-01","2015","10","01","","21.4","","3.9","","12.7","","5.3","","0.0","","","M","","M","0.0","","","","","","<31",""
"-122.51","53.03","QUESNEL","1096629","2015-10-02","2015","10","02","","11.5","","5.1","","8.3","","9.7","","0.0","","","M","","M","6.6","","","","33","","50",""
"-122.51","53.03","QUESNEL","1096629","2015-10-03","2015","10","03","","11.7","","-0.9","","5.4","","12.6","","0.0","","","M","","M","0.0","","","","33","","44",""
"-122.51","53.03","QUESNEL","1096629","2015-10-04","2015","10","04","","13.4","","-3.0","","5.2","","12.8","","0.0","","","M","","M","0.0","","","","","","<31",""
"-122.51","53.03","QUESNEL","1096629","2015-10-05","2015","10","05","","13.7","","-2.0","","5.9","","12.1","","0.0","","","M","","M","0.0","","","","","","<31",""
"-122.51","53.03","QUESNEL","1096629","2015-10-06","2015","10","06","","14.8","","1.6","","8.2","","9.8","","0.0","","","M","","M","0.0","","","","","","<31",""
"-122.51","53.03","QUESNEL","1096629","2015-10-07","2015","10","07","","17.1","","7.3","","12.2","","5.8","","0.0","","","M","","M","0.3","","","","","","<31",""
"-122.51","53.03","QUESNEL","1096629","2015-10-08","2015","10","08","","14.7","","8.5","","11.6","","6.4","","0.0","","","M","","M","2.3","","","","","","<31",""
"-122.51","53.03","QUESNEL","1096629","2015-10-09","2015","10","09","","21.9","","10.5","","16.2","","1.8","","0.0","","","M","","M","0.0","","","","17","","59",""
"-122.51","53.03","QUESNEL","1096629","2015-10-10","2015","10","10","","19.4","","8.0","","13.7","","4.3","","0.0","","","M","","M","2.8","","","","15","","44",""
"-122.51","53.03","QUESNEL","1096629","2015-10-11","2015","10","11","","16.8","","5.8","","11.3","","6.7","","0.0","","","M","","M","0.0","","","","15","","52",""
"-122.51","53.03","QUESNEL","1096629","2015-10-12","2015","10","12","","17.3","","4.5","","10.9","","7.1","","0.0","","","M","","M","0.0","","","","16","","52",""
"-122.51","53.03","QUESNEL","1096629","2015-10-13","2015","10","13","","14.0","","-2.0","","6.0","","12.0","","0.0","","","M","","M","0.0","","","","","","<31",""
"-122.51","53.03","QUESNEL","1096629","2015-10-14","2015","10","14","","13.1","","-3.9","","4.6","","13.4","","0.0","","","M","","M","0.0","","","","","","<31",""
"-122.51","53.03","QUESNEL","1096629","2015-10-15","2015","10","15","","9.9","","-3.8","","3.1","","14.9","","0.0","","","M","","M","0.0","","","","","","<31",""
"-122.51","53.03","QUESNEL","1096629","2015-10-16","2015","10","16","","17.4","","-2.3","","7.6","","10.4","","0.0","","","M","","M","0.0","","","","","","<31",""
"-122.51","53.03","QUESNEL","1096629","2015-10-17","2015","10","17","","8.4","","1.9","","5.2","","12.8","","0.0","","","M","","M","4.3","","","","","","<31",""
"-122.51","53.03","QUESNEL","1096629","2015-10-18","2015","10","18","","11.3","","6.6","","9.0","","9.0","","0.0","","","M","","M","0.3","","","","","","<31",""
"-122.51","53.03","QUESNEL","1096629","2015-10-19","2015","10","19","","10.8","","5.5","","8.2","","9.8","","0.0","","","M","","M","3.3","","","","","","<31",""
"-122.51","53.03","QUESNEL","1096629","2015-10-20","2015","10","20","","10.0","","3.5","","6.8","","11.2","","0.0","","","M","","M","0.0","","","","","","<31",""
"-122.51","53.03","QUESNEL","1096629","2015-10-21","2015","10","21","","15.2","","2.9","","9.1","","8.9","","0.0","","","M","","M","0.0","","","","15","","32",""
"-122.51","53.03","QUESNEL","1096629","2015-10-22","2015","10","22","","12.2","","-0.7","","5.8","","12.2","","0.0","","","M","","M","0.0","","","","20","","32",""
"-122.51","53.03","QUESNEL","1096629","2015-10-23","2015","10","23","","7.8","","-2.2","","2.8","","15.2","","0.0","","","M","","M","1.5","","","","","","<31",""
"-122.51","53.03","QUESNEL","1096629","2015-10-24","2015","10","24","","6.3","","-2.1","","2.1","","15.9","","0.0","","","M","","M","0.0","","","","","","<31",""
"-122.51","53.03","QUESNEL","1096629","2015-10-25","2015","10","25","","5.7","","-2.7","","1.5","","16.5","","0.0","","","M","","M","0.0","","","","","","<31",""
"-122.51","53.03","QUESNEL","1096629","2015-10-26","2015","10","26","","1.5","","-0.7","","0.4","","17.6","","0.0","","","M","","M","4.0","","","","","","<31",""
"-122.51","53.03","QUESNEL","1096629","2015-10-27","2015","10","27","","3.5","","0.1","","1.8","","16.2","","0.0","","","M","","M","0.0","","","","","","<31",""
"-122.51","53.03","QUESNEL","1096629","2015-10-28","2015","10","28","","5.8","","-1.4","","2.2","","15.8","","0.0","","","M","","M","0.8","","","","","","<31",""
"-122.51","53.03","QUESNEL","1096629","2015-10-29","2015","10","29","","10.8","","3.3","","7.1","","10.9","","0.0","","","M","","M","0.3","","","","15","","35",""
"-122.51","53.03","QUESNEL","1096629","2015-10-30","2015","10","30","","12.3","","0.0","","6.2","","11.8","","0.0","","","M","","M","9.0","","","","","","<31",""
"-122.51","53.03","QUESNEL","1096629","2015-10-31","2015","10","31","","11.1","","-0.5","","5.3","","12.7","","0.0","","","M","","M","4.3","","","","","","<31",""
"-122.51","53.03","QUESNEL","1096629","2015-11-01","2015","11","01","","7.2","","1.3","","4.3","","13.7","","0.0","","","M","","M","3.8","","","","17","","32",""
"-122.51","53.03","QUESNEL","1096629","2015-11-02","2015","11","02","","5.5","","0.2","","2.9","","15.1","","0.0","","","M","","M","0.3","","","","","","<31",""
"-122.51","53.03","QUESNEL","1096629","2015-11-03","2015","11","03","","6.1","","0.6","","3.4","","14.6","","0.0","","","M","","M","0.5","","","","","","<31",""
"-122.51","53.03","QUESNEL","1096629","2015-11-04","2015","11","04","","4.9","","0.8","","2.9","","15.1","","0.0","","","M","","M","0.0","","","","16","","37",""
"-122.51","53.03","QUESNEL","1096629","2015-11-05","2015","11","05","","7.3","","-3.2","","2.1","","15.9","","0.0","","","M","","M","0.0","","","","","","<31",""
"-122.51","53.03","QUESNEL","1096629","2015-11-06","2015","11","06","","7.7","","-3.5","","2.1","","15.9","","0.0","","","M","","M","0.0","","","","15","","39",""
"-122.51","53.03","QUESNEL","1096629","2015-11-07","2015","11","07","","7.4","","2.7","","5.1","","12.9","","0.0","","","M","","M","7.6","","","","","","<31",""
"-122.51","53.03","QUESNEL","1096629","2015-11-08","2015","11","08","","3.6","","0.0","","1.8","","16.2","","0.0","","","M","","M","0.0","","","","","","<31",""
"-122.51","53.03","QUESNEL","1096629","2015-11-09","2015","11","09","","0.6","","-0.7","","-0.1","","18.1","","0.0","","","M","","M","0.0","","","","","","<31",""
"-122.51","53.03","QUESNEL","1096629","2015-11-10","2015","11","10","","3.2","","-0.5","","1.4","","16.6","","0.0","","","M","","M","0.0","","","","15","","41",""
"-122.51","53.03","QUESNEL","1096629","2015-11-11","2015","11","11","","7.4","","-1.1","","3.2","","14.8","","0.0","","","M","","M","0.0","","","","32","","39",""
"-122.51","53.03","QUESNEL","1096629","2015-11-12","2015","11","12","","5.8","","-1.1","","2.4","","15.6","","0.0","","","M","","M","0.0","","","","16","","54",""
"-122.51","53.03","QUESNEL","1096629","2015-11-13","2015","11","13","","9.0","","-3.8","","2.6","","15.4","","0.0","","","M","","M","0.0","","","","","","<31",""
"-122.51","53.03","QUESNEL","1096629","2015-11-14","2015","11","14","","0.9","","-6.1","","-2.6","","20.6","","0.0","","","M","","M","0.0","","","","","","<31",""
"-122.51","53.03","QUESNEL","1096629","2015-11-15","2015","11","15","","1.6","","-5.1","","-1.8","","19.8","","0.0","","","M","","M","0.0","","","","33","","39",""
"-122.51","53.03","QUESNEL","1096629","2015-11-16","2015","11","16","","3.0","","-6.6","","-1.8","","19.8","","0.0","","","M","","M","0.0","","","","15","","54",""
"-122.51","53.03","QUESNEL","1096629","2015-11-17","2015","11","17","","1.9","","-5.9","","-2.0","","20.0","","0.0","","","M","","M","1.5","","","","33","","33",""
"-122.51","53.03","QUESNEL","1096629","2015-11-18","2015","11","18","","-1.0","","-11.4","","-6.2","","24.2","","0.0","","","M","","M","0.0","","","","16","","32",""
"-122.51","53.03","QUESNEL","1096629","2015-11-19","2015","11","19","","1.0","","-6.8","","-2.9","","20.9","","0.0","","","M","","M","0.0","","","","","","<31",""
"-122.51","53.03","QUESNEL","1096629","2015-11-20","2015","11","20","","-0.8","","-9.5","","-5.2","","23.2","","0.0","","","M","","M","0.0","","","","","","<31",""
"-122.51","53.03","QUESNEL","1096629","2015-11-21","2015","11","21","","0.6","","-3.0","","-1.2","","19.2","","0.0","","","M","","M","0.0","","","","15","","48",""
"-122.51","53.03","QUESNEL","1096629","2015-11-22","2015","11","22","","1.7","","-4.6","","-1.5","","19.5","","0.0","","","M","","M","0.0","","","","14","","33",""
"-122.51","53.03","QUESNEL","1096629","2015-11-23","2015","11","23","","-0.5","","-5.7","","-3.1","","21.1","","0.0","","","M","","M","1.3","","","","34","","43",""
"-122.51","53.03","QUESNEL","1096629","2015-11-24","2015","11","24","","-3.1","","-14.9","","-9.0","","27.0","","0.0","","","M","","M","0.0","","","","32","","48",""
"-122.51","53.03","QUESNEL","1096629","2015-11-25","2015","11","25","","-9.1","","-16.8","","-13.0","","31.0","","0.0","","","M","","M","0.0","","","","","","<31",""
"-122.51","53.03","QUESNEL","1096629","2015-11-26","2015","11","26","","-7.8","","-17.1","","-12.5","","30.5","","0.0","","","M","","M","0.0","","","","","","<31",""
"-122.51","53.03","QUESNEL","1096629","2015-11-27","2015","11","27","","","","","","","","","","","","","","","","","","","","","","",""
"-122.51","53.03","QUESNEL","1096629","2015-11-28","2015","11","28","","-8.7","","-17.6","","-13.2","","31.2","","0.0","","","M","","M","0.0","","","","","","<31",""
"-122.51","53.03","QUESNEL","1096629","2015-11-29","2015","11","29","","-9.0","","-17.3","","-13.2","","31.2","","0.0","","","M","","M","0.0","","","","","","<31",""
"-122.51","53.03","QUESNEL","1096629","2015-11-30","2015","11","30","","-7.8","","-16.9","","-12.4","","30.4","","0.0","","","M","","M","0.0","","","","","","<31",""
"-122.51","53.03","QUESNEL","1096629","2015-12-01","2015","12","01","","2.7","","-14.1","","-5.7","","23.7","","0.0","","","M","","M","0.0","","","","15","","33",""
"-122.51","53.03","QUESNEL","1096629","2015-12-02","2015","12","02","","4.3","","-1.3","","1.5","","16.5","","0.0","","","M","","M","0.0","","","","15","","44",""
"-122.51","53.03","QUESNEL","1096629","2015-12-03","2015","12","03","","9.6","","2.8","","6.2","","11.8","","0.0","","","M","","M","0.0","","","","18","","56",""
"-122.51","53.03","QUESNEL","1096629","2015-12-04","2015","12","04","","7.5","","-1.9","","2.8","","15.2","","0.0","","","M","","M","0.0","","","","15","","39",""
"-122.51","53.03","QUESNEL","1096629","2015-12-05","2015","12","05","","6.6","","-3.6","","1.5","","16.5","","0.0","","","M","","M","0.0","","","","14","","57",""
"-122.51","53.03","QUESNEL","1096629","2015-12-06","2015","12","06","","8.4","","4.2","","6.3","","11.7","","0.0","","","M","","M","0.0","","","","14","","63",""
"-122.51","53.03","QUESNEL","1096629","2015-12-07","2015","12","07","","8.6","","-2.1","","3.3","","14.7","","0.0","","","M","","M","0.0","","","","17","","59",""
"-122.51","53.03","QUESNEL","1096629","2015-12-08","2015","12","08","","8.6","","-2.1","","3.3","","14.7","","0.0","","","M","","M","3.8","","","","14","","33",""
"-122.51","53.03","QUESNEL","1096629","2015-12-09","2015","12","09","","1.5","","-0.8","","0.4","","17.6","","0.0","","","M","","M","4.0","","","","","","<31",""
"-122.51","53.03","QUESNEL","1096629","2015-12-10","2015","12","10","","0.0","","-2.5","","-1.3","","19.3","","0.0","","","M","","M","0.3","","","","","","<31",""
"-122.51","53.03","QUESNEL","1096629","2015-12-11","2015","12","11","","1.8","","-2.9","","-0.6","","18.6","","0.0","","","M","","M","0.0","","","","","","<31",""
"-122.51","53.03","QUESNEL","1096629","2015-12-12","2015","12","12","","1.9","","-5.4","","-1.8","","19.8","","0.0","","","M","","M","0.0","","","","13","","32",""
"-122.51","53.03","QUESNEL","1096629","2015-12-13","2015","12","13","","0.5","","-3.8","","-1.7","","19.7","","0.0","","","M","","M","0.9","","","","30","","35",""
"-122.51","53.03","QUESNEL","1096629","2015-12-14","2015","12","14","","-0.7","","-6.1","","-3.4","","21.4","","0.0","","","M","","M","0.0","","","","12","","33",""
"-122.51","53.03","QUESNEL","1096629","2015-12-15","2015","12","15","","-0.7","","-6.3","","-3.5","","21.5","","0.0","","","M","","M","0.3","","","","16","","41",""
"-122.51","53.03","QUESNEL","1096629","2015-12-16","2015","12","16","","-2.6","","-10.7","","-6.7","","24.7","","0.0","","","M","","M","0.0","","","","","","<31",""
"-122.51","53.03","QUESNEL","1096629","2015-12-17","2015","12","17","","-8.2","","-14.9","","-11.6","","29.6","","0.0","","","M","","M","0.0","","","","","","<31",""
"-122.51","53.03","QUESNEL","1096629","2015-12-18","2015","12","18","","-4.8","","-8.2","","-6.5","","24.5","","0.0","","","M","","M","5.0","","","","","","<31",""
"-122.51","53.03","QUESNEL","1096629","2015-12-19","2015","12","19","","-5.0","","-8.3","","-6.7","","24.7","","0.0","","","M","","M","0.0","","","","","","<31",""
"-122.51","53.03","QUESNEL","1096629","2015-12-20","2015","12","20","","0.6","","-5.5","","-2.5","","20.5","","0.0","","","M","","M","0.0","","","","14","","33",""
"-122.51","53.03","QUESNEL","1096629","2015-12-21","2015","12","21","","","","","","","","","","","","","","","","","","","","","","",""
"-122.51","53.03","QUESNEL","1096629","2015-12-22","2015","12","22","","-6.2","","-11.5","","-8.9","","26.9","","0.0","","","M","","M","0.3","","","","","","<31",""
"-122.51","53.03","QUESNEL","1096629","2015-12-23","2015","12","23","","-4.8","","-12.2","","-8.5","","26.5","","0.0","","","M","","M","0.0","","","","","","<31",""
"-122.51","53.03","QUESNEL","1096629","2015-12-24","2015","12","24","","-7.5","","-16.1","","-11.8","","29.8","","0.0","","","M","","M","0.0","","","","","","<31",""
"-122.51","53.03","QUESNEL","1096629","2015-12-25","2015","12","25","","-8.2","","-10.4","","-9.3","","27.3","","0.0","","","M","","M","0.0","","","","","","<31",""
"-122.51","53.03","QUESNEL","1096629","2015-12-26","2015","12","26","","-3.3","","-8.8","","-6.1","","24.1","","0.0","","","M","","M","2.6","","","","","","<31",""
"-122.51","53.03","QUESNEL","1096629","2015-12-27","2015","12","27","","-1.6","","-3.6","","-2.6","","20.6","","0.0","","","M","","M","13.6","","","","","","<31",""
"-122.51","53.03","QUESNEL","1096629","2015-12-28","2015","12","28","","-2.5","","-5.7","","-4.1","","22.1","","0.0","","","M","","M","0.0","","","","","","<31",""
"-122.51","53.03","QUESNEL","1096629","2015-12-29","2015","12","29","","-4.9","","-7.1","","-6.0","","24.0","","0.0","","","M","","M","0.0","","","","","","<31",""
"-122.51","53.03","QUESNEL","1096629","2015-12-30","2015","12","30","","-6.8","","-9.1","","-8.0","","26.0","","0.0","","","M","","M","0.0","","","","","","<31",""
"-122.51","53.03","QUESNEL","1096629","2015-12-31","2015","12","31","","-8.7","","-16.8","","-12.8","","30.8","","0.0","","","M","","M","0.0","","","","","","<31",""
